{
    "MoveSpeed": 0.15000000596046448,
    "RotSpeed": 0.05000000074505806
}
