{
    "Walls": [
        {
            "Pos": [
                0.0,
                5.300000190734863,
                0.0
            ],
            "Scale": [
                10.0,
                6.5,
                3.5999999046325684
            ],
            "Visible": true
        },
        {
            "Pos": [
                0.0,
                6.400000095367432,
                -6.699999809265137
            ],
            "Scale": [
                12.600000381469727,
                5.5,
                2.0
            ],
            "Visible": false
        },
        {
            "Pos": [
                11.0,
                5.0,
                -0.699999988079071
            ],
            "Scale": [
                1.0,
                7.699999809265137,
                6.0
            ],
            "Visible": true
        },
        {
            "Pos": [
                -11.0,
                5.0,
                -0.699999988079071
            ],
            "Scale": [
                1.0,
                7.699999809265137,
                6.0
            ],
            "Visible": true
        }
    ]
}
