{
    "Blink": {
        "CoolTime": 0.5,
        "Duration": 0.30000001192092896,
        "Speed": 1.0
    },
    "MoveSpeed": 0.20000000298023224,
    "RotSpeed": 0.05000000074505806
}
