{
    "AttackPower": 10,
    "MaxShield": 100.0,
    "MoveSpeed": 0.10000000149011612,
    "RotSpeed": 0.05000000074505806,
    "ShotLevel": 1
}
